-- ============================================
-- 高校部门统计数据 - 最新数据插入文件 (data_new.sql)
-- 基于 schema.sql 的表结构
-- value 字段只存数字，单位存在 dict_metric.unit
-- 空值用 0 表示
-- ============================================

SET NAMES utf8mb4;

-- ============================================
-- 1. 插入分类字典数据
-- 共 29 条分类记录
-- ============================================
INSERT INTO `dict_category` (`id`, `dept_name`, `category_name`, `description`) VALUES
(1, '国际教育学院', '综合数据', '国际教育学院 - 综合数据'),
(2, '国资处', '综合数据', '国资处 - 综合数据'),
(3, '国资处', '用房情况', '国资处 - 用房情况'),
(4, '科技处', '综合数据', '科技处 - 综合数据'),
(5, '科技处', '省部级奖项数', '科技处 - 省部级奖项数'),
(6, '科技处', '期刊论文', '科技处 - 期刊论文'),
(7, '科技处', '著作', '科技处 - 著作'),
(8, '科技处', '知识产权', '科技处 - 知识产权'),
(9, '人事处', '教师数', '人事处 - 教师数'),
(10, '人事处', '学历', '人事处 - 学历'),
(11, '人事处', '职称', '人事处 - 职称'),
(12, '人事处', '专任教师队伍年龄', '人事处 - 专任教师队伍年龄'),
(13, '统战部', '民主党派人员数', '统战部 - 民主党派人员数'),
(14, '校办', '综合数据', '校办 - 综合数据'),
(15, '组织部', '中国共产党党员数', '组织部 - 中国共产党党员数'),
(16, '教务处', '学生数', '教务处 - 学生数'),
(17, '教务处', '专业设置', '教务处 - 专业设置'),
(18, '教务处', '毕业情况', '教务处 - 毕业情况'),
(19, '教务处', '学位授予情况', '教务处 - 学位授予情况'),
(20, '教务处', '就业情况', '教务处 - 就业情况'),
(21, '教务处', '特色专业', '教务处 - 特色专业'),
(22, '教务处', '教学名师、教学团队、教改工程等情况', '教务处 - 教学名师、教学团队、教改工程等情况'),
(23, '研究生院', '导师数', '研究生院 - 导师数'),
(24, '研究生院', '研究生数', '研究生院 - 研究生数'),
(25, '研究生院', '硕博点情况', '研究生院 - 硕博点情况'),
(26, '研究生院', '毕业情况', '研究生院 - 毕业情况'),
(27, '研究生院', '学位授予情况', '研究生院 - 学位授予情况'),
(28, '研究生院', '就业情况', '研究生院 - 就业情况'),
(29, '图书馆', '综合数据', '图书馆 - 综合数据');

-- ============================================
-- 2. 插入指标字典数据
-- 共 132 条指标记录
-- ============================================
INSERT INTO `dict_metric` (`id`, `category_id`, `metric_name`, `unit`, `sort_order`) VALUES
(1, 1, '中外合作办学招生数', '人', 0),
(2, 1, '留学生数', '人', 1),
(3, 2, '学校面积', '亩', 0),
(4, 3, '教学行政用房', '万平方米', 0),
(5, 3, '实验室用房', '万平方米', 1),
(6, 3, '学生宿舍', '万平方米', 2),
(7, 3, '固定资产', '万元', 3),
(8, 3, '教学科研设备数', '台', 4),
(9, 3, '教学科研设备原值', '万元', 5),
(10, 3, '50万元以上设备数', '台', 6),
(11, 3, '50万元以上设备原值', '万元', 7),
(12, 4, '国家级项目数', '个', 0),
(13, 4, '部级项目数', '个', 1),
(14, 4, '省级项目数', '个', 2),
(15, 4, '厅局级项目数', '个', 3),
(16, 4, '校级项目数', '个', 4),
(17, 4, '国家级平台数', '个', 5),
(18, 4, '部级平台数', '个', 6),
(19, 4, '省级平台数', '个', 7),
(20, 4, '厅局级平台数', '个', 8),
(21, 4, '校级平台数', '个', 9),
(22, 4, '纵向项目经费', '万元', 10),
(23, 4, '横向项目经费', '万元', 11),
(24, 5, '一等奖', '个', 0),
(25, 5, '二等奖', '个', 1),
(26, 5, '三等奖', '个', 2),
(27, 6, 'SCI一区', '篇', 0),
(28, 6, 'SCI二区', '篇', 1),
(29, 6, 'SCI三区', '篇', 2),
(30, 6, 'SCI四区', '篇', 3),
(31, 6, 'EI', '篇', 4),
(32, 6, 'CSCD', '篇', 5),
(33, 6, '核心', '篇', 6),
(34, 6, '其他', '个', 7),
(35, 7, '专著', '部', 0),
(36, 8, '发明专利', '件', 0),
(37, 8, '实用新型专利', '件', 1),
(38, 8, '外观设计专利', '件', 2),
(39, 8, '动植物新品种', '件', 3),
(40, 8, '标准发布', '件', 4),
(41, 8, '软件著作权', '件', 5),
(42, 9, '总教师数', '人', 0),
(43, 9, '专任教师数', '人', 1),
(44, 9, '管理人员数', '个', 2),
(45, 9, '教辅人员数', '个', 3),
(46, 9, '工勤人员', '人', 4),
(47, 10, '具有博士学位人数', '人', 0),
(48, 10, '具有硕士学位人数', '人', 1),
(49, 10, '具有本科学位及以下人数', '人', 2),
(50, 11, '正高级职称人数', '人', 0),
(51, 11, '副高级职称人数', '人', 1),
(52, 11, '中级职称人数', '人', 2),
(53, 11, '初级及其他人数', '人', 3),
(54, 11, '外聘教师数', '人', 4),
(55, 12, '35岁及以下', '个', 0),
(56, 12, '36-45岁', '个', 1),
(57, 12, '46-55岁', '个', 2),
(58, 12, '56岁及以上', '个', 3),
(59, 13, '中国国民党革命委员会（民革）', '个', 0),
(60, 13, '中国民主同盟（民盟）', '个', 1),
(61, 13, '中国民主建国会（民建）', '个', 2),
(62, 13, '中国民主促进会（民进）', '个', 3),
(63, 13, '中国农工民主党（农工党）', '个', 4),
(64, 13, '中国致公党（致公党）', '个', 5),
(65, 13, '九三学社', '个', 6),
(66, 13, '台湾民主自治同盟（台盟）', '个', 7),
(67, 14, '学院数', '个', 0),
(68, 15, '党员数', '人', 0),
(69, 16, '预科生数（男）', '人', 0),
(70, 16, '预科生数（女）', '人', 1),
(71, 16, '本科生数（男）', '人', 2),
(72, 16, '本科生数（女）', '人', 3),
(73, 16, '中共党员', '人', 4),
(74, 16, '共青团员', '人', 5),
(75, 16, '民主党派', '个', 6),
(76, 16, '少数民族', '人', 7),
(77, 16, '残疾人', '人', 8),
(78, 17, '本科专业总数', '个', 0),
(79, 17, '当年新增专业数', '个', 1),
(80, 17, '停招专业数', '个', 2),
(81, 17, '开设课程总门数', '个', 3),
(82, 17, '教授讲授本科课程门次数', '个', 4),
(83, 18, '毕业人数', '人', 0),
(84, 18, '毕业率', '%', 1),
(85, 19, '学位授予人数', '人', 0),
(86, 19, '授予率', '%', 1),
(87, 20, '就业人数', '人', 0),
(88, 20, '就业率', '%', 1),
(89, 20, '省级精品课程', '个', 2),
(90, 21, '省级特色重点学科', '个', 0),
(91, 21, '省级重点学科', '个', 1),
(92, 21, '一流建设学科', '个', 2),
(93, 21, '教育部特色专业', '个', 3),
(94, 21, '省级特色专业', '个', 4),
(95, 21, '省级示范专业', '个', 5),
(96, 21, '一流学科', '个', 6),
(97, 22, '国家名师奖', '个', 0),
(98, 22, '省级名师奖', '个', 1),
(99, 22, '黄大年式教师团队', '个', 2),
(100, 22, '省部级教学团队', '个', 3),
(101, 22, '国家级课程思政教学团队', '个', 4),
(102, 22, '省级课程思政教学团队', '个', 5),
(103, 22, '省级教学成果奖', '个', 6),
(104, 22, '国家级教改工程项目', '个', 7),
(105, 22, '省级教改工程项目', '个', 8),
(106, 22, '校级教改工程项目', '个', 9),
(107, 22, '校外实践基地', '个', 10),
(108, 23, '硕士生导师数', '人', 0),
(109, 23, '博士生导师数', '人', 1),
(110, 24, '硕士生数（男）', '人', 0),
(111, 24, '硕士生数（女）', '人', 1),
(112, 24, '博士生数（男）', '人', 2),
(113, 24, '博士生数（女）', '人', 3),
(114, 24, '中共党员', '人', 4),
(115, 24, '共青团员', '人', 5),
(116, 24, '民主党派', '个', 6),
(117, 24, '少数民族', '人', 7),
(118, 24, '残疾人', '人', 8),
(119, 25, '博士后流动站', '个', 0),
(120, 25, '一级博点', '个', 1),
(121, 25, '一级硕点', '个', 2),
(122, 25, '二级硕点', '个', 3),
(123, 25, '专业硕点', '个', 4),
(124, 26, '毕业人数', '人', 0),
(125, 26, '毕业率', '%', 1),
(126, 27, '学位授予人数', '人', 0),
(127, 27, '授予率', '%', 1),
(128, 28, '就业人数', '人', 0),
(129, 28, '就业率', '%', 1),
(130, 29, '图书数量（册）', '册', 0),
(131, 29, '电子图书(种)', '种', 1),
(132, 29, '电子期刊(种)', '种', 2);

-- ============================================
-- 3. 插入部门统计数据
-- 共 660 条数据记录
-- ============================================
INSERT INTO `dept_stats` (`dept_name`, `metric_id`, `year`, `value`) VALUES
('国际教育学院', 1, 2020, 556),
('国际教育学院', 1, 2021, 727),
('国际教育学院', 1, 2022, 1000),
('国际教育学院', 1, 2023, 1000),
('国际教育学院', 1, 2024, 1000),
('国际教育学院', 2, 2020, 54),
('国际教育学院', 2, 2021, 266),
('国际教育学院', 2, 2022, 284),
('国际教育学院', 2, 2023, 186),
('国际教育学院', 2, 2024, 173),
('国资处', 3, 2020, 2216),
('国资处', 3, 2021, 2216),
('国资处', 3, 2022, 2212),
('国资处', 3, 2023, 2785),
('国资处', 3, 2024, 2785),
('国资处', 4, 2020, 57.3),
('国资处', 4, 2021, 57.3),
('国资处', 4, 2022, 57.3),
('国资处', 4, 2023, 83.6),
('国资处', 4, 2024, 83.6),
('国资处', 5, 2020, 29.6),
('国资处', 5, 2021, 29.6),
('国资处', 5, 2022, 29.6),
('国资处', 5, 2023, 39.7),
('国资处', 5, 2024, 39.7),
('国资处', 6, 2020, 24.8),
('国资处', 6, 2021, 24.8),
('国资处', 6, 2022, 24.8),
('国资处', 6, 2023, 35.7),
('国资处', 6, 2024, 35.7),
('国资处', 7, 2020, 325043.64),
('国资处', 7, 2021, 543663.33),
('国资处', 7, 2022, 551231.55),
('国资处', 7, 2023, 560251.01),
('国资处', 7, 2024, 567359.88),
('国资处', 8, 2020, 38712),
('国资处', 8, 2021, 41676),
('国资处', 8, 2022, 42900),
('国资处', 8, 2023, 46780),
('国资处', 8, 2024, 47890),
('国资处', 9, 2020, 33910.05),
('国资处', 9, 2021, 42006.6),
('国资处', 9, 2022, 46124.08),
('国资处', 9, 2023, 52693.86),
('国资处', 9, 2024, 58047.05),
('国资处', 10, 2020, 76),
('国资处', 10, 2021, 107),
('国资处', 10, 2022, 113),
('国资处', 10, 2023, 131),
('国资处', 10, 2024, 152),
('国资处', 11, 2020, 6921.16),
('国资处', 11, 2021, 19238.11),
('国资处', 11, 2022, 21977.74),
('国资处', 11, 2023, 24365.86),
('国资处', 11, 2024, 27867.33),
('科技处', 12, 2020, 32),
('科技处', 12, 2021, 37),
('科技处', 12, 2022, 35),
('科技处', 12, 2023, 49),
('科技处', 12, 2024, 50),
('科技处', 13, 2020, 0),
('科技处', 13, 2021, 1),
('科技处', 13, 2022, 0),
('科技处', 13, 2023, 2),
('科技处', 13, 2024, 1),
('科技处', 14, 2020, 53),
('科技处', 14, 2021, 44),
('科技处', 14, 2022, 38),
('科技处', 14, 2023, 87),
('科技处', 14, 2024, 88),
('科技处', 15, 2020, 34),
('科技处', 15, 2021, 28),
('科技处', 15, 2022, 23),
('科技处', 15, 2023, 34),
('科技处', 15, 2024, 39),
('科技处', 16, 2020, 25),
('科技处', 16, 2021, 0),
('科技处', 16, 2022, 51),
('科技处', 16, 2023, 58),
('科技处', 16, 2024, 0),
('科技处', 17, 2020, 2),
('科技处', 17, 2021, 2),
('科技处', 17, 2022, 2),
('科技处', 17, 2023, 2),
('科技处', 17, 2024, 2),
('科技处', 18, 2020, 3),
('科技处', 18, 2021, 3),
('科技处', 18, 2022, 4),
('科技处', 18, 2023, 4),
('科技处', 18, 2024, 4),
('科技处', 19, 2020, 31),
('科技处', 19, 2021, 31),
('科技处', 19, 2022, 31),
('科技处', 19, 2023, 32),
('科技处', 19, 2024, 37),
('科技处', 20, 2020, 21),
('科技处', 20, 2021, 22),
('科技处', 20, 2022, 28),
('科技处', 20, 2023, 27),
('科技处', 20, 2024, 28),
('科技处', 21, 2020, 41),
('科技处', 21, 2021, 42),
('科技处', 21, 2022, 42),
('科技处', 21, 2023, 36),
('科技处', 21, 2024, 36),
('科技处', 22, 2020, 3162.5),
('科技处', 22, 2021, 2912.27),
('科技处', 22, 2022, 4414),
('科技处', 22, 2023, 7719.81),
('科技处', 22, 2024, 5904.472624),
('科技处', 23, 2020, 3750.73),
('科技处', 23, 2021, 3423.15),
('科技处', 23, 2022, 3604.92),
('科技处', 23, 2023, 4406.762166),
('科技处', 23, 2024, 5416.206553),
('科技处', 24, 2020, 0),
('科技处', 24, 2021, 0),
('科技处', 24, 2022, 0),
('科技处', 24, 2023, 0),
('科技处', 24, 2024, 0),
('科技处', 25, 2020, 0),
('科技处', 25, 2021, 5),
('科技处', 25, 2022, 1),
('科技处', 25, 2023, 0),
('科技处', 25, 2024, 2),
('科技处', 26, 2020, 2),
('科技处', 26, 2021, 0),
('科技处', 26, 2022, 3),
('科技处', 26, 2023, 4),
('科技处', 26, 2024, 3),
('科技处', 27, 2020, 10),
('科技处', 27, 2021, 11),
('科技处', 27, 2022, 36),
('科技处', 27, 2023, 55),
('科技处', 27, 2024, 49),
('科技处', 28, 2020, 39),
('科技处', 28, 2021, 65),
('科技处', 28, 2022, 130),
('科技处', 28, 2023, 222),
('科技处', 28, 2024, 245),
('科技处', 29, 2020, 66),
('科技处', 29, 2021, 117),
('科技处', 29, 2022, 156),
('科技处', 29, 2023, 163),
('科技处', 29, 2024, 177),
('科技处', 30, 2020, 80),
('科技处', 30, 2021, 145),
('科技处', 30, 2022, 139),
('科技处', 30, 2023, 99),
('科技处', 30, 2024, 144),
('科技处', 31, 2020, 14),
('科技处', 31, 2021, NULL),
('科技处', 31, 2022, 24),
('科技处', 31, 2023, 35),
('科技处', 31, 2024, 38),
('科技处', 32, 2020, NULL),
('科技处', 32, 2021, NULL),
('科技处', 32, 2022, 157),
('科技处', 32, 2023, 114),
('科技处', 32, 2024, 122),
('科技处', 33, 2020, NULL),
('科技处', 33, 2021, NULL),
('科技处', 33, 2022, 158),
('科技处', 33, 2023, 157),
('科技处', 33, 2024, 158),
('科技处', 34, 2020, 21),
('科技处', 34, 2021, NULL),
('科技处', 34, 2022, 34),
('科技处', 34, 2023, 103),
('科技处', 34, 2024, 109),
('科技处', 35, 2020, NULL),
('科技处', 35, 2021, NULL),
('科技处', 35, 2022, 13),
('科技处', 35, 2023, 7),
('科技处', 35, 2024, 13),
('科技处', 36, 2020, 15),
('科技处', 36, 2021, 26),
('科技处', 36, 2022, 34),
('科技处', 36, 2023, 47),
('科技处', 36, 2024, 64),
('科技处', 37, 2020, 209),
('科技处', 37, 2021, 142),
('科技处', 37, 2022, 76),
('科技处', 37, 2023, 64),
('科技处', 37, 2024, 76),
('科技处', 38, 2020, 33),
('科技处', 38, 2021, 56),
('科技处', 38, 2022, 23),
('科技处', 38, 2023, 43),
('科技处', 38, 2024, 33),
('科技处', 39, 2020, 0),
('科技处', 39, 2021, 0),
('科技处', 39, 2022, 4),
('科技处', 39, 2023, 1),
('科技处', 39, 2024, 0),
('科技处', 40, 2020, 0),
('科技处', 40, 2021, 0),
('科技处', 40, 2022, 0),
('科技处', 40, 2023, 0),
('科技处', 40, 2024, 2),
('科技处', 41, 2020, 19),
('科技处', 41, 2021, 4),
('科技处', 41, 2022, 7),
('科技处', 41, 2023, 4),
('科技处', 41, 2024, 9),
('人事处', 42, 2020, 2617),
('人事处', 42, 2021, 2596),
('人事处', 42, 2022, 2614),
('人事处', 42, 2023, 2551),
('人事处', 42, 2024, 2615),
('人事处', 43, 2020, 1690),
('人事处', 43, 2021, 1694),
('人事处', 43, 2022, 1705),
('人事处', 43, 2023, 1831),
('人事处', 43, 2024, 1883),
('人事处', 44, 2020, 479),
('人事处', 44, 2021, 466),
('人事处', 44, 2022, 461),
('人事处', 44, 2023, 436),
('人事处', 44, 2024, 458),
('人事处', 45, 2020, 371),
('人事处', 45, 2021, 367),
('人事处', 45, 2022, 387),
('人事处', 45, 2023, 237),
('人事处', 45, 2024, 227),
('人事处', 46, 2020, 77),
('人事处', 46, 2021, 69),
('人事处', 46, 2022, 61),
('人事处', 46, 2023, 47),
('人事处', 46, 2024, 47),
('人事处', 47, 2020, 669),
('人事处', 47, 2021, 717),
('人事处', 47, 2022, 766),
('人事处', 47, 2023, 817),
('人事处', 47, 2024, 906),
('人事处', 48, 2020, 1377),
('人事处', 48, 2021, 1336),
('人事处', 48, 2022, 1341),
('人事处', 48, 2023, 1290),
('人事处', 48, 2024, 1296),
('人事处', 49, 2020, 571),
('人事处', 49, 2021, 543),
('人事处', 49, 2022, 507),
('人事处', 49, 2023, 444),
('人事处', 49, 2024, 413),
('人事处', 50, 2020, 314),
('人事处', 50, 2021, 323),
('人事处', 50, 2022, 359),
('人事处', 50, 2023, 348),
('人事处', 50, 2024, 344),
('人事处', 51, 2020, 790),
('人事处', 51, 2021, 796),
('人事处', 51, 2022, 770),
('人事处', 51, 2023, 739),
('人事处', 51, 2024, 736),
('人事处', 52, 2020, 769),
('人事处', 52, 2021, 767),
('人事处', 52, 2022, 778),
('人事处', 52, 2023, 768),
('人事处', 52, 2024, 769),
('人事处', 53, 2020, 744),
('人事处', 53, 2021, 710),
('人事处', 53, 2022, 707),
('人事处', 53, 2023, 696),
('人事处', 53, 2024, 766),
('人事处', 54, 2020, 63),
('人事处', 54, 2021, 803),
('人事处', 54, 2022, 593),
('人事处', 54, 2023, 599),
('人事处', 54, 2024, 622),
('人事处', 55, 2020, 383),
('人事处', 55, 2021, 315),
('人事处', 55, 2022, 261),
('人事处', 55, 2023, 341),
('人事处', 55, 2024, 347),
('人事处', 56, 2020, 877),
('人事处', 56, 2021, 910),
('人事处', 56, 2022, 933),
('人事处', 56, 2023, 973),
('人事处', 56, 2024, 977),
('人事处', 57, 2020, 354),
('人事处', 57, 2021, 388),
('人事处', 57, 2022, 427),
('人事处', 57, 2023, 457),
('人事处', 57, 2024, 492),
('人事处', 58, 2020, 76),
('人事处', 58, 2021, 81),
('人事处', 58, 2022, 84),
('人事处', 58, 2023, 60),
('人事处', 58, 2024, 67),
('统战部', 59, 2020, 9),
('统战部', 59, 2021, 9),
('统战部', 59, 2022, 10),
('统战部', 59, 2023, 11),
('统战部', 59, 2024, 12),
('统战部', 60, 2020, 20),
('统战部', 60, 2021, 22),
('统战部', 60, 2022, 24),
('统战部', 60, 2023, 24),
('统战部', 60, 2024, 26),
('统战部', 61, 2020, 5),
('统战部', 61, 2021, 5),
('统战部', 61, 2022, 5),
('统战部', 61, 2023, 6),
('统战部', 61, 2024, 7),
('统战部', 62, 2020, 39),
('统战部', 62, 2021, 39),
('统战部', 62, 2022, 40),
('统战部', 62, 2023, 39),
('统战部', 62, 2024, 39),
('统战部', 63, 2020, 11),
('统战部', 63, 2021, 11),
('统战部', 63, 2022, 13),
('统战部', 63, 2023, 13),
('统战部', 63, 2024, 14),
('统战部', 64, 2020, 16),
('统战部', 64, 2021, 17),
('统战部', 64, 2022, 18),
('统战部', 64, 2023, 18),
('统战部', 64, 2024, 18),
('统战部', 65, 2020, 69),
('统战部', 65, 2021, 69),
('统战部', 65, 2022, 69),
('统战部', 65, 2023, 61),
('统战部', 65, 2024, 52),
('统战部', 66, 2020, 0),
('统战部', 66, 2021, 0),
('统战部', 66, 2022, 0),
('统战部', 66, 2023, 0),
('统战部', 66, 2024, 0),
('校办', 67, 2020, 27),
('校办', 67, 2021, 27),
('校办', 67, 2022, 28),
('校办', 67, 2023, 28),
('校办', 67, 2024, 28),
('组织部', 68, 2020, 6021),
('组织部', 68, 2021, 8108),
('组织部', 68, 2022, 7139),
('组织部', 68, 2023, 6537),
('组织部', 68, 2024, 6337),
('教务处', 69, 2020, 24),
('教务处', 69, 2021, 22),
('教务处', 69, 2022, 38),
('教务处', 69, 2023, 71),
('教务处', 69, 2024, 62),
('教务处', 70, 2020, 96),
('教务处', 70, 2021, 98),
('教务处', 70, 2022, 82),
('教务处', 70, 2023, 129),
('教务处', 70, 2024, 138),
('教务处', 71, 2020, 10390),
('教务处', 71, 2021, 11289),
('教务处', 71, 2022, 11582),
('教务处', 71, 2023, 11689),
('教务处', 71, 2024, 12138),
('教务处', 72, 2020, 15711),
('教务处', 72, 2021, 16302),
('教务处', 72, 2022, 15823),
('教务处', 72, 2023, 15119),
('教务处', 72, 2024, 14904),
('教务处', 73, 2020, NULL),
('教务处', 73, 2021, NULL),
('教务处', 73, 2022, NULL),
('教务处', 73, 2023, NULL),
('教务处', 73, 2024, NULL),
('教务处', 74, 2020, NULL),
('教务处', 74, 2021, NULL),
('教务处', 74, 2022, NULL),
('教务处', 74, 2023, NULL),
('教务处', 74, 2024, NULL),
('教务处', 75, 2020, NULL),
('教务处', 75, 2021, NULL),
('教务处', 75, 2022, NULL),
('教务处', 75, 2023, NULL),
('教务处', 75, 2024, NULL),
('教务处', 76, 2020, NULL),
('教务处', 76, 2021, NULL),
('教务处', 76, 2022, NULL),
('教务处', 76, 2023, NULL),
('教务处', 76, 2024, NULL),
('教务处', 77, 2020, NULL),
('教务处', 77, 2021, NULL),
('教务处', 77, 2022, NULL),
('教务处', 77, 2023, NULL),
('教务处', 77, 2024, NULL),
('教务处', 78, 2020, 81),
('教务处', 78, 2021, 86),
('教务处', 78, 2022, 86),
('教务处', 78, 2023, 85),
('教务处', 78, 2024, 85),
('教务处', 79, 2020, 0),
('教务处', 79, 2021, 5),
('教务处', 79, 2022, 0),
('教务处', 79, 2023, 1),
('教务处', 79, 2024, 0),
('教务处', 80, 2020, 6),
('教务处', 80, 2021, 9),
('教务处', 80, 2022, 11),
('教务处', 80, 2023, 4),
('教务处', 80, 2024, 8),
('教务处', 81, 2020, NULL),
('教务处', 81, 2021, NULL),
('教务处', 81, 2022, NULL),
('教务处', 81, 2023, NULL),
('教务处', 81, 2024, NULL),
('教务处', 82, 2020, NULL),
('教务处', 82, 2021, NULL),
('教务处', 82, 2022, NULL),
('教务处', 82, 2023, NULL),
('教务处', 82, 2024, NULL),
('教务处', 83, 2020, 6062),
('教务处', 83, 2021, 5995),
('教务处', 83, 2022, 7207),
('教务处', 83, 2023, 7715),
('教务处', 83, 2024, 7396),
('教务处', 84, 2020, 0.9967),
('教务处', 84, 2021, 0.9928),
('教务处', 84, 2022, 0.9957),
('教务处', 84, 2023, 0.9947),
('教务处', 84, 2024, 0.9945),
('教务处', 85, 2020, 5884),
('教务处', 85, 2021, 5858),
('教务处', 85, 2022, 7105),
('教务处', 85, 2023, 7619),
('教务处', 85, 2024, 7310),
('教务处', 86, 2020, 0.9706),
('教务处', 86, 2021, 0.9771),
('教务处', 86, 2022, 0.9858),
('教务处', 86, 2023, 0.9876),
('教务处', 86, 2024, 0.9884),
('教务处', 87, 2020, NULL),
('教务处', 87, 2021, NULL),
('教务处', 87, 2022, NULL),
('教务处', 87, 2023, NULL),
('教务处', 87, 2024, NULL),
('教务处', 88, 2020, NULL),
('教务处', 88, 2021, NULL),
('教务处', 88, 2022, NULL),
('教务处', 88, 2023, NULL),
('教务处', 88, 2024, NULL),
('教务处', 89, 2020, NULL),
('教务处', 89, 2021, NULL),
('教务处', 89, 2022, NULL),
('教务处', 89, 2023, NULL),
('教务处', 89, 2024, NULL),
('教务处', 90, 2020, NULL),
('教务处', 90, 2021, NULL),
('教务处', 90, 2022, NULL),
('教务处', 90, 2023, NULL),
('教务处', 90, 2024, NULL),
('教务处', 91, 2020, NULL),
('教务处', 91, 2021, NULL),
('教务处', 91, 2022, NULL),
('教务处', 91, 2023, NULL),
('教务处', 91, 2024, NULL),
('教务处', 92, 2020, NULL),
('教务处', 92, 2021, NULL),
('教务处', 92, 2022, NULL),
('教务处', 92, 2023, NULL),
('教务处', 92, 2024, NULL),
('教务处', 93, 2020, 0),
('教务处', 93, 2021, 0),
('教务处', 93, 2022, 0),
('教务处', 93, 2023, 0),
('教务处', 93, 2024, 0),
('教务处', 94, 2020, 0),
('教务处', 94, 2021, 0),
('教务处', 94, 2022, 0),
('教务处', 94, 2023, 0),
('教务处', 94, 2024, 0),
('教务处', 95, 2020, 0),
('教务处', 95, 2021, 0),
('教务处', 95, 2022, 0),
('教务处', 95, 2023, 0),
('教务处', 95, 2024, 0),
('教务处', 96, 2020, NULL),
('教务处', 96, 2021, NULL),
('教务处', 96, 2022, NULL),
('教务处', 96, 2023, NULL),
('教务处', 96, 2024, NULL),
('教务处', 97, 2020, NULL),
('教务处', 97, 2021, NULL),
('教务处', 97, 2022, NULL),
('教务处', 97, 2023, NULL),
('教务处', 97, 2024, NULL),
('教务处', 98, 2020, NULL),
('教务处', 98, 2021, NULL),
('教务处', 98, 2022, NULL),
('教务处', 98, 2023, NULL),
('教务处', 98, 2024, NULL),
('教务处', 99, 2020, NULL),
('教务处', 99, 2021, NULL),
('教务处', 99, 2022, NULL),
('教务处', 99, 2023, NULL),
('教务处', 99, 2024, NULL),
('教务处', 100, 2020, 0),
('教务处', 100, 2021, 0),
('教务处', 100, 2022, 0),
('教务处', 100, 2023, 0),
('教务处', 100, 2024, 0),
('教务处', 101, 2020, 1),
('教务处', 101, 2021, 0),
('教务处', 101, 2022, 0),
('教务处', 101, 2023, 0),
('教务处', 101, 2024, 0),
('教务处', 102, 2020, 7),
('教务处', 102, 2021, 0),
('教务处', 102, 2022, 0),
('教务处', 102, 2023, 0),
('教务处', 102, 2024, 0),
('教务处', 103, 2020, 0),
('教务处', 103, 2021, 0),
('教务处', 103, 2022, 20),
('教务处', 103, 2023, 0),
('教务处', 103, 2024, 22),
('教务处', 104, 2020, 0),
('教务处', 104, 2021, 0),
('教务处', 104, 2022, 0),
('教务处', 104, 2023, 0),
('教务处', 104, 2024, 0),
('教务处', 105, 2020, 19),
('教务处', 105, 2021, 39),
('教务处', 105, 2022, 32),
('教务处', 105, 2023, 32),
('教务处', 105, 2024, 32),
('教务处', 106, 2020, 30),
('教务处', 106, 2021, 29),
('教务处', 106, 2022, 40),
('教务处', 106, 2023, 23),
('教务处', 106, 2024, 27),
('教务处', 107, 2020, NULL),
('教务处', 107, 2021, NULL),
('教务处', 107, 2022, NULL),
('教务处', 107, 2023, NULL),
('教务处', 107, 2024, NULL),
('研究生院', 108, 2020, 498),
('研究生院', 108, 2021, 669),
('研究生院', 108, 2022, 724),
('研究生院', 108, 2023, 785),
('研究生院', 108, 2024, 859),
('研究生院', 109, 2020, 55),
('研究生院', 109, 2021, 87),
('研究生院', 109, 2022, 115),
('研究生院', 109, 2023, 130),
('研究生院', 109, 2024, 140),
('研究生院', 110, 2020, 1173),
('研究生院', 110, 2021, 1393),
('研究生院', 110, 2022, 1620),
('研究生院', 110, 2023, 1759),
('研究生院', 110, 2024, 1887),
('研究生院', 111, 2020, 2981),
('研究生院', 111, 2021, 3730),
('研究生院', 111, 2022, 4516),
('研究生院', 111, 2023, 4782),
('研究生院', 111, 2024, 4946),
('研究生院', 112, 2020, 127),
('研究生院', 112, 2021, 148),
('研究生院', 112, 2022, 158),
('研究生院', 112, 2023, 181),
('研究生院', 112, 2024, 196),
('研究生院', 113, 2020, 120),
('研究生院', 113, 2021, 155),
('研究生院', 113, 2022, 186),
('研究生院', 113, 2023, 228),
('研究生院', 113, 2024, 252),
('研究生院', 114, 2020, 821),
('研究生院', 114, 2021, 1030),
('研究生院', 114, 2022, 1165),
('研究生院', 114, 2023, 1353),
('研究生院', 114, 2024, 1420),
('研究生院', 115, 2020, 2722),
('研究生院', 115, 2021, 3442),
('研究生院', 115, 2022, 4015),
('研究生院', 115, 2023, 4098),
('研究生院', 115, 2024, 4197),
('研究生院', 116, 2020, 4),
('研究生院', 116, 2021, 6),
('研究生院', 116, 2022, 8),
('研究生院', 116, 2023, 11),
('研究生院', 116, 2024, 11),
('研究生院', 117, 2020, 872),
('研究生院', 117, 2021, 1134),
('研究生院', 117, 2022, 1433),
('研究生院', 117, 2023, 1653),
('研究生院', 117, 2024, 1806),
('研究生院', 118, 2020, 5),
('研究生院', 118, 2021, 6),
('研究生院', 118, 2022, 3),
('研究生院', 118, 2023, 3),
('研究生院', 118, 2024, 7),
('研究生院', 119, 2020, NULL),
('研究生院', 119, 2021, NULL),
('研究生院', 119, 2022, NULL),
('研究生院', 119, 2023, NULL),
('研究生院', 119, 2024, NULL),
('研究生院', 120, 2020, 6),
('研究生院', 120, 2021, 6),
('研究生院', 120, 2022, 6),
('研究生院', 120, 2023, 6),
('研究生院', 120, 2024, 10),
('研究生院', 121, 2020, 21),
('研究生院', 121, 2021, 23),
('研究生院', 121, 2022, 23),
('研究生院', 121, 2023, 23),
('研究生院', 121, 2024, 25),
('研究生院', 122, 2020, 1),
('研究生院', 122, 2021, 0),
('研究生院', 122, 2022, 0),
('研究生院', 122, 2023, 0),
('研究生院', 122, 2024, 0),
('研究生院', 123, 2020, 9),
('研究生院', 123, 2021, 17),
('研究生院', 123, 2022, 21),
('研究生院', 123, 2023, 21),
('研究生院', 123, 2024, 25),
('研究生院', 124, 2020, 1157),
('研究生院', 124, 2021, 955),
('研究生院', 124, 2022, 1176),
('研究生院', 124, 2023, 1853),
('研究生院', 124, 2024, 2009),
('研究生院', 125, 2020, 0.8798),
('研究生院', 125, 2021, 0.9455),
('研究生院', 125, 2022, 0.937),
('研究生院', 125, 2023, 0.98),
('研究生院', 125, 2024, 0.987),
('研究生院', 126, 2020, 1177),
('研究生院', 126, 2021, 968),
('研究生院', 126, 2022, 1175),
('研究生院', 126, 2023, 1865),
('研究生院', 126, 2024, 2007),
('研究生院', 127, 2020, 0.8597),
('研究生院', 127, 2021, 0.8869),
('研究生院', 127, 2022, 0.8856),
('研究生院', 127, 2023, 0.906),
('研究生院', 127, 2024, 0.9186),
('研究生院', 128, 2020, 863),
('研究生院', 128, 2021, 758),
('研究生院', 128, 2022, 957),
('研究生院', 128, 2023, 1486),
('研究生院', 128, 2024, 1778),
('研究生院', 129, 2020, 0.8867),
('研究生院', 129, 2021, 0.9111),
('研究生院', 129, 2022, 0.912),
('研究生院', 129, 2023, 0.9146),
('研究生院', 129, 2024, 0.9156),
('图书馆', 130, 2020, 2820950),
('图书馆', 130, 2021, 2889261),
('图书馆', 130, 2022, 2930605),
('图书馆', 130, 2023, 2977503),
('图书馆', 130, 2024, 3042510),
('图书馆', 131, 2020, 1548902),
('图书馆', 131, 2021, 1506896),
('图书馆', 131, 2022, 1706796),
('图书馆', 131, 2023, 1831198),
('图书馆', 131, 2024, 1929541),
('图书馆', 132, 2020, 594228),
('图书馆', 132, 2021, 748939),
('图书馆', 132, 2022, 801097),
('图书馆', 132, 2023, 868482),
('图书馆', 132, 2024, 926417);
